cell_id,surface,length_m
1,asphalt,40137.66828908533
1,compacted,984.2348340194657
1,concrete,743.3107526708246
1,dirt,1777.7486406258813
1,fine_gravel,829.1841231625841
1,grass,786.51375357799
1,gravel,4442.575622688777
1,ground,660.1308802284856
1,paved,4024.0579778009437
1,paving_stones,170.58170427485896
1,pebblestone,1596.995988684564
1,unpaved,1763.1707531041832
2,asphalt,45106.77726170904
2,cobblestone,120.42443766171878
2,compacted,2779.936425200974
2,concrete,57.935898104842
2,dirt,5092.568070163239
2,earth,324.5162525974166
2,fine_gravel,5.758729653899985
2,grass,2036.7441233816346
2,gravel,6105.232753742687
2,ground,1453.9179955919572
2,paved,2285.237663434785
2,unpaved,5503.5738656850635
3,cobblestone,137.93162731212703
3,compacted,891.6594385769342
3,paved,336.11608607275923
4,asphalt,19050.89238464957
4,cobblestone,386.4219583241763
4,compacted,1104.7798210557721
4,concrete,4.333237509771838
4,fine_gravel,620.3265114574701
4,grass,25.11394566182112
4,gravel,4614.141270712947
4,ground,159.67898742351392
4,paved,3582.5556493912536
4,paving_stones,1516.3175119572065
4,pebblestone,585.1960283809398
4,sand,95.8468391968321
4,unpaved,2519.6264934232486
5,asphalt,118271.88815423129
5,cobblestone,1618.8659009900512
5,compacted,6000.70464353265
5,concrete,592.228966936336
5,dirt,173.72728478061413
5,earth,181.65006241936362
5,fine_gravel,5966.506796957885
5,grass,602.3902955180954
5,grass_paver,1097.375347879033
5,gravel,1837.8146837902277
5,ground,3074.808013558128
5,metal,11.668638968612475
5,paved,15851.121318530928
5,paving_stones,13065.277445241389
5,pebblestone,647.5396201242058
5,sand,292.54050980107525
5,sett,606.2570339270745
5,tartan,32.94411502805409
5,unpaved,7078.869924923179
5,wood,45.72343726250462
6,asphalt,95906.45106692825
6,cobblestone,356.82614251412497
6,cobblestone:flattened,66.87626341331656
6,cobblestone;paving_stones,28.971838038607956
6,compacted,3128.7448147823084
6,concrete,13.020981124808362
6,dirt,800.7069955177802
6,earth,2523.6445417286595
6,fine_gravel,16145.741724798645
6,grass,1738.491304438907
6,grass_paver,45.57849082324898
6,gravel,8192.595380973366
6,ground,1936.6281857008892
6,paved,7131.184618511885
6,paving_stones,3148.0094055136396
6,pebblestone,838.8622650658319
6,sand,48.000329947252
6,sett,92.90954232505364
6,unpaved,9050.665341954558
6,wood,74.51283963226707
7,asphalt,16678.00848004435
7,bark_chips,6.567512811204951
7,cobblestone,231.9893077817881
7,compacted,383.0414761224904
7,concrete,24.26909742485471
7,dirt,945.7984614098704
7,grass,1801.5851381975322
7,gravel,1689.508576920939
7,ground,62.51882238818971
7,paved,3766.9258587832987
7,pebblestone,968.9928119709807
7,sand,324.43537981364733
7,unpaved,3071.5805144265146
8,,0.0
9,asphalt,103117.95869704512
9,cobblestone,3192.5176377748085
9,compacted,11745.375182195463
9,concrete,1063.2894715666675
9,dirt,759.6524230280916
9,fine_gravel,3077.827303423968
9,grass,2324.1006987313267
9,grass_paver,82.38959517159388
9,gravel,13502.982817471955
9,ground,15691.534607169044
9,mud,14.453998096948856
9,paved,43590.618629664656
9,paving_stones,4956.94804660551
9,pebblestone,58.2626477544106
9,sett,269.758904985528
9,unpaved,8994.546437984312
9,wood,671.9160563905798
10,asphalt,263494.8541012584
10,cobblestone,12974.51255596127
10,cobblestone:flattened,9.694698321413087
10,compacted,11078.375742851824
10,concrete,1901.4283538922766
10,concrete:plates,16.221287462808853
10,dirt,382.80189994466934
10,escalator,10.0428949878727
10,fine_gravel,2216.4693340117196
10,grass,1165.562582066898
10,grass_paver,720.3057091002586
10,gravel,5878.428936699328
10,ground,3705.679492277289
10,metal,4.964810840895986
10,paved,40206.46820047856
10,paving_stones,15344.248978083644
10,paving_stones;concrete,63.953734155866556
10,pebblestone,441.94693723627495
10,sand,4417.63975965826
10,sett,2886.1067588962014
10,unpaved,6894.449204171584
10,wood,124.16425517892903
10,yes,19.05766262502952
11,asphalt,171172.7654776178
11,cobblestone,16556.67796835088
11,compacted,3423.749237015956
11,concrete,603.3069598832691
11,concrete:lanes,28.06277941759951
11,concrete:plates,33.51024067550821
11,dirt,3341.2557426658595
11,fine_gravel,12350.203111602767
11,grass,793.4782810338475
11,grass_paver,548.8603755380659
11,gravel,4829.582494383776
11,ground,1559.8249233165952
11,metal,30.64580989320516
11,mud,173.45782566350496
11,paved,32845.95769408388
11,paving_stones,9612.763129108806
11,pebblestone,453.20515941118674
11,sand,155.19349491293286
11,sett,2164.2138023115604
11,unpaved,11641.425442660722
11,wood,10.105110284671424
12,asphalt,46083.270745197864
12,cobblestone,1289.2854067205121
12,compacted,4808.924209179434
12,concrete,456.9701504856762
12,concrete:lanes,72.61518794015727
12,concrete:plates,79.95686980067437
12,dirt,653.8275696387316
12,fine_gravel,1032.503485270341
12,grass,1320.923274580778
12,gravel,2189.078977017518
12,ground,3024.37331542857
12,paved,6166.057679943826
12,paving_stones,3007.5502523955333
12,pebblestone,131.20218519391167
12,sett,37.01472711226359
12,stone,17.25474556094761
12,unpaved,5937.9814496588015
13,grass,96.7162613060552
13,ground,445.410687814218
13,unpaved,631.1165569832295
14,asphalt,103980.71992222499
14,cobblestone,1381.8817642070164
14,compacted,5649.643424309423
14,concrete,20.292840256041494
14,dirt,147.6015340298211
14,fine_gravel,12800.206301166338
14,grass,528.6085560587774
14,grass_paver,419.9431990435437
14,gravel,990.9374182593328
14,ground,456.8042802454712
14,paved,12788.857616467878
14,paving_stones,7975.762894119352
14,pebblestone,936.9391179007741
14,sett,314.2320995879311
14,stone,15.315482946642634
14,unpaved,8535.225210291934
14,wood,22.780198265540704
15,asphalt,294738.4404437532
15,cobblestone,18232.663105583844
15,cobblestone:flattened,24.37484690486787
15,compacted,15818.06357358863
15,concrete,580.405989931872
15,dirt,583.045809671618
15,earth,223.5702340199915
15,fine_gravel,661.4265628054407
15,grass,1100.9460309865763
15,grass_paver,1108.3115838852084
15,gravel,19575.2386523048
15,ground,2661.4107692988264
15,metal,73.18609141901108
15,paved,71068.30725454325
15,paving_stones,22597.345112637093
15,pebblestone,453.4318184093285
15,sand,998.7999990639805
15,sett,8933.36404909075
15,unpaved,6841.885212559662
15,wood,252.7263286788306
16,asphalt,213542.70054896813
16,asphalt;cobblestone,77.55084547911301
16,cobblestone,11725.809580147823
16,compacted,21874.90060723002
16,concrete,1533.538849126157
16,concrete:plates,116.20927670949354
16,dirt,1623.1476971824195
16,earth,218.16851313898988
16,fine_gravel,1894.297914446223
16,grass,3461.5148270370446
16,grass_paver,845.9096959963512
16,gravel,7184.969684254657
16,ground,2190.1117198951433
16,metal,6.0409305569959635
16,mud,112.02896497558967
16,paved,22302.007237567803
16,paving_stones,19730.260736005363
16,paving_stones:30,172.4625528638883
16,pebblestone,2205.789692466195
16,sand,1912.7442889702543
16,sett,1851.5680119541448
16,unpaved,12672.53997188975
16,wood,221.71802674142117
17,asphalt,105456.10927489876
17,cobblestone,3598.028453252537
17,compacted,4910.199372081378
17,concrete,25.921498490312747
17,dirt,2529.113196398466
17,fine_gravel,1339.8779515792623
17,grass,1557.4926813285817
17,gravel,19454.88477409363
17,ground,3513.647314114747
17,paved,4703.895701043484
17,paving_stones,2007.440304533293
17,pebblestone,10.286002685363366
17,sand,808.9576105300262
17,sett,132.86290222762563
17,unpaved,5093.5708209521845
17,wood,10.882221860382307
18,asphalt,125476.26251324496
18,cobblestone,912.798503967962
18,compacted,2249.95893332906
18,concrete,77.67154443343495
18,dirt,1039.5605067003494
18,earth,424.55395427998263
18,fine_gravel,166.52615331015963
18,grass,5649.987087749098
18,grass_paver,1992.1652229925387
18,gravel,2983.3431928681675
18,ground,10516.988927232724
18,metal,5.09432878555406
18,paved,32812.995758426965
18,paving_stones,13553.853539966221
18,pebblestone,2622.696395329426
18,sand,232.33565715466744
18,sett,92.93623181896622
18,unpaved,6259.4413998155505
18,wood,1.7691632729057218
19,asphalt,171660.33940411767
19,cobblestone,2385.0229829685027
19,compacted,6654.890664590264
19,concrete,101.64194682331177
19,dirt,1981.5884245064371
19,fine_gravel,286.7040450981399
19,grass,4320.159011623942
19,grass; ground,961.7145401934486
19,grass_paver,5.607266378157824
19,gravel,5282.225323050993
19,ground,6283.679869185555
19,medium,218.3003916949605
19,paved,62034.5744375205
19,paving_stones,4806.719475631369
19,pebblestone,661.3376131168691
19,sand,410.4513493247458
19,sett,119.96282150158163
19,unpaved,9220.563377147704
19,wood,40.94437714885112
20,asphalt,31275.40684481463
20,cobblestone,1683.171562434979
20,compacted,565.4919154015272
20,dirt,4884.590292555467
20,grass,2967.121433038222
20,grass_paver,204.07085382814338
20,gravel,596.0380276289834
20,ground,1051.8907823220618
20,paved,8775.78254888237
20,paving_stones,3362.726444815154
20,pebblestone,1232.5673070790906
20,sand,888.9885058586639
20,unpaved,10377.246973839734
21,asphalt,8772.919201622131
21,compacted,3318.3868409852475
21,concrete,10.605038880831943
21,dirt,217.8174143480257
21,earth,148.4676517209687
21,grass,158.18640680855754
21,gravel,78.47598742085619
21,ground,2910.6200112507145
21,paved,137.81170414477475
21,pebblestone,686.482669989884
21,sand,214.16483672105423
21,sett,6.328466243486259
21,unpaved,6015.538011350468
22,asphalt,841.8140993960249
22,compacted,484.7913527828647
22,gravel,393.4259399303776
22,ground,903.0788392928807
22,paved,376.4525124429603
22,pebblestone,7.9440410552724146
22,unpaved,80.03735821094875
23,asphalt,22239.509768441974
23,compacted,1754.4774764087758
23,dirt,151.19703477454505
23,fine_gravel,424.2083656261175
23,grass,1232.5895138373096
23,grass_paver,11.218066838612463
23,gravel,1313.1917130592537
23,ground,2854.571528737356
23,paved,14798.027876779453
23,paving_stones,402.9960630707466
23,unpaved,624.6541459242522
23,wood,161.81377126855784
24,asphalt,409.4336213896455
